ticker,sim_id,runtime,pop_size,gen_count,open_date,close_date,open_price,close_price,best_fit,worst_fit,mean_fit,std_fit,best_elite_fit,worst_elite_fit,mean_elite_fit,std_elite_fit,trade_count,trade_net_earnings,trade_win_count,trade_net_gain,trade_lose_count,trade_net_loss,long_count,long_net_earnings,long_win_count,long_net_gain,long_lose_count,long_net_loss,short_count,short_net_earnings,short_win_count,short_net_gain,short_lose_count,short_net_loss,profit_factor,gain_to_pain,winning_pct,payout_ratio,cpc_index,expectancy,return_pct,kelly_pct,sharpe,treynor,sortino
MSFT,0,1.433353,1000,1,2008-01-28,2008-03-10,32.720001,28.049999,1.0563651781672836,0.9534028704898004,1.0083637557107392,0.02982517485788763,1.0563651781672836,0.9588821206146265,1.0364626000905401,0.01567574830218452,659,72514.02138722397,602,75315.78884588012,602,-2801.7674586561343,22,-2108.244194068221,4,81.25415074508517,18,-2189.498344813306,637,74622.26558129217,598,75234.53469513504,39,-612.2691138428283,0,0,0,0,0,0,0,0,0,0,0
MSFT,0,1.48063,1000,2,2008-03-11,2008-04-22,29.280001,30.25,1.0516547756627275,0.9590241247594958,0.9952747964470273,0.011476824830265653,1.0043147957176977,0.9602042285351361,0.9850779494842241,0.0033615556082266834,652,-29697.43546917372,15,275.0926969425367,15,-29972.52816611626,0,0.0,0,0.0,0,0.0,652,-29697.43546917372,15,275.0926969425367,637,-29972.52816611626,0,0,0,0,0,0,0,0,0,0,0
MSFT,0,1.340091,1000,3,2008-04-23,2008-06-04,31.450001,27.540001,1.0403310204084484,0.9587379396535854,0.9963876184443475,0.024573528405699586,1.0403310204084484,0.9587379396535854,0.9817646324184534,0.02369157592141236,823,-36470.73516309668,266,11308.441084669015,266,-47779.17624776567,626,-45605.64087580927,95,2026.3713608572089,531,-47632.01223666647,197,9134.905712712603,171,9282.06972381181,26,-147.16401109920426,0,0,0,0,0,0,0,0,0,0,0
MSFT,0,1.458257,1000,4,2008-06-05,2008-07-17,28.299999,27.52,1.0499840752889948,0.9744174174731801,1.001773104420334,0.005166225042871425,1.0251358177559393,0.9744174174731801,1.0044349940126545,0.00439714608790729,677,8836.660833556942,433,10122.346075964613,433,-1285.6852424076744,12,-57.229605268708895,4,148.27804543027827,8,-205.50765069898716,665,8893.89043882565,429,9974.068030534336,236,-1080.1775917086875,0,0,0,0,0,0,0,0,0,0,0
MSFT,0,1.405555,1000,5,2008-07-18,2008-08-28,25.860001,27.940001,1.0364040030169657,0.9604417281550907,0.9908232634814985,0.0172030213039467,1.0321108663841494,0.9744750283541067,0.9814241307836532,0.011628614033309358,741,-36898.65584767952,106,2838.4966307399154,106,-39737.15247841942,92,2269.291724819728,79,2423.4392320017114,13,-154.14750718198303,649,-39167.94757249924,27,415.0573987382043,622,-39583.00497123744,0,0,0,0,0,0,0,0,0,0,0
MSFT,0,1.337488,1000,6,2008-08-29,2008-10-10,27.290001,21.5,1.0619551218148755,0.9341933830513864,0.9941661697369406,0.04369435266477627,1.0359521016578008,0.9341933830513864,0.9600462709055377,0.027807056367622027,804,-79907.45818892596,196,5879.429238173633,196,-85786.88742709956,736,-81864.49943341993,140,3533.192191243735,596,-85397.69162466364,68,1957.0412444939877,56,2346.2370469298917,12,-389.19580243590474,0,0,0,0,0,0,0,0,0,0,0
MSFT,0,1.490794,1000,7,2008-10-13,2008-11-21,25.5,19.68,1.08115531173912,0.9039324709952098,1.0157783544622696,0.04029558368869365,1.08115531173912,0.9702216840510673,1.0527641964145373,0.011046801063788046,666,105723.36288638106,624,107369.79574822857,624,-1646.432861847477,1,122.64682700246266,1,122.64682700246266,0,0.0,665,105600.7160593786,623,107247.14892122611,42,-1646.432861847477,0,0,0,0,0,0,0,0,0,0,0
MSFT,0,1.483079,1000,8,2008-11-24,2009-01-07,20.690001,19.51,1.0659136263898896,0.9437702258882031,1.0040402372903494,0.013173356346845964,1.0427185521652258,0.9663728255517819,1.0112307945726313,0.009248343303084265,656,22332.716501999796,586,25161.634178564425,586,-2828.9176765646066,0,0.0,0,0.0,0,0.0,656,22332.716501999796,586,25161.634178564425,70,-2828.9176765646066,0,0,0,0,0,0,0,0,0,0,0
MSFT,0,1.518217,1000,9,2009-01-08,2009-02-20,20.120001,18.0,1.0797222354906229,0.920277764509377,1.011920518941812,0.019725914105442877,1.0797222354906229,0.9681804630754363,1.02535368731899,0.009069707542065644,724,50448.63722488916,680,51764.916073557484,680,-1316.2788486683444,50,338.67554471235485,29,936.4751491710537,21,-597.7996044586985,674,50109.961680176806,651,50828.44092438644,23,-718.479244209646,0,0,0,0,0,0,0,0,0,0,0
MSFT,0,1.458412,1000,10,2009-02-23,2009-04-03,17.209999,18.75,1.0514277150152036,0.9397539278339464,0.9863084191455914,0.02130813840589014,1.0343649610452743,0.9428220389902295,0.9713378861878248,0.008576939147587828,656,-57037.181217421974,47,1828.5685437483903,47,-58865.749761170366,40,964.1444066392056,22,1122.7026955348754,18,-158.55828889566982,616,-58001.32562406118,25,705.8658482135148,591,-58707.191472274695,0,0,0,0,0,0,0,0,0,0,0
MSFT,0,1.36329,1000,11,2009-04-06,2009-05-18,18.76,20.6,1.0624091408037988,0.9389152863394804,1.000790500702602,0.0216635336538265,1.0538891928766736,0.9389152863394804,1.0148131554526278,0.016897444102737483,611,29626.310905258495,459,34007.15940844093,459,-4380.8485031824375,479,31587.756304810122,419,32731.593367478505,60,-1143.8370626683848,132,-1961.4453995516355,40,1275.5660409624172,92,-3237.011440514052,0,0,0,0,0,0,0,0,0,0,0
MSFT,0,1.375953,1000,12,2009-05-19,2009-06-30,20.309999,23.77,1.057147118158745,0.9419379674669001,1.0121418528152533,0.04068991225413408,1.0535992735069293,0.983099103753332,1.0488163223617186,0.01391498884233208,691,97096.65198836169,655,98518.20637990997,655,-1421.5543915482879,660,98266.12071193391,645,98296.38615832881,15,-30.265446394895363,31,-1169.4687235722279,10,221.82022158116413,21,-1391.288945153392,0,0,0,0,0,0,0,0,0,0,0
MSFT,0,1.582439,1000,13,2009-07-01,2009-08-12,24.040001,23.530001,1.0313564505520394,0.9739508911871236,1.0006500902798714,0.0052623177088209055,1.0014851393942021,0.9777677072987446,0.9997367519308484,0.0020792382925339794,617,-526.352018196978,398,4476.902019585612,398,-5003.254037782615,614,-460.6998700220454,397,4471.736328668694,217,-4932.436198690764,3,-65.65214817493249,1,5.165690916917777,2,-70.81783909185027,0,0,0,0,0,0,0,0,0,0,0
MSFT,0,1.361975,1000,14,2009-08-13,2009-09-24,23.620001,25.940001,1.0368513553258432,0.9575470593984337,0.9991727399247797,0.023829155225826078,1.0333433530369218,0.9691102411079388,0.9873401977229593,0.021946539379220958,955,-25010.706965153382,430,13246.095137958344,430,-38256.80210311176,350,10791.246826996716,324,11027.453059610309,26,-236.20623261359054,605,-35801.95379215013,106,2218.642078348034,499,-38020.595870498175,0,0,0,0,0,0,0,0,0,0,0
MSFT,0,1.482671,1000,15,2009-09-25,2009-11-05,25.549999,28.469999,1.0638312729935746,0.9648739968520449,1.0093206812726514,0.024875891522067185,1.0428316383013945,1.0187466237230443,1.0321614563364132,0.0016636530522417174,619,64000.78922730495,605,64098.93812082095,605,-98.14889351600715,616,64045.748772655854,605,64098.93812082095,11,-53.18934816510477,3,-44.95954535090238,0,0.0,3,-44.95954535090238,0,0,0,0,0,0,0,0,0,0,0
MSFT,0,1.516746,1000,16,2009-11-06,2009-12-18,28.52,30.360001,1.0189977164113224,0.9796738286627688,1.0053508069311234,0.012070619912150415,1.0158309585473901,1.0032605202311629,1.0156072682348445,0.0014752071187002578,626,31056.226884224532,611,31219.8724570651,611,-163.6455728405665,615,31146.728138813694,609,31197.6151967758,6,-50.887057962105686,11,-90.50125458916001,2,22.25726028930082,9,-112.75851487846083,0,0,0,0,0,0,0,0,0,0,0
MSFT,0,1.565877,1000,17,2009-12-21,2010-02-03,30.52,28.629999,1.0270021459396261,0.9678744007558798,0.991453079834568,0.015576415148015648,0.9952941102992974,0.9678744007558798,0.979453033286367,0.0019798461055573033,633,-40886.88687377348,12,131.3224020472915,12,-41018.20927582077,631,-40875.19087586543,12,131.3224020472915,619,-41006.51327791272,2,-11.69599790805274,0,0.0,2,-11.69599790805274,0,0,0,0,0,0,0,0,0,0,0
MSFT,0,1.417054,1000,18,2010-02-04,2010-03-18,27.84,29.610001,1.024212049732627,0.9796909277723739,0.9977621326880984,0.015441303682863262,1.002255810114377,0.9796909277723739,0.9838173677735266,0.005516188787221255,685,-32365.264452948602,44,539.1463332452752,44,-32904.41078619388,41,253.89614599082302,25,328.33400721749433,16,-74.43786122667133,644,-32619.160598939423,19,210.81232602778084,625,-32829.97292496721,0,0,0,0,0,0,0,0,0,0,0
MSFT,0,1.495044,1000,19,2010-03-19,2010-04-30,29.59,30.540001,1.0323277288244923,0.98537592561978,1.0035178002794998,0.007808442173050619,1.0216989456083645,1.003273097638156,1.0093151826199647,0.003181243093227972,678,18544.414553485894,633,18894.849862291794,633,-350.43530880590345,678,18544.414553485894,633,18894.849862291794,45,-350.43530880590345,0,0.0,0,0.0,0,0.0,0,0,0,0,0,0,0,0,0,0,0
MSFT,0,1.578793,1000,20,2010-05-03,2010-06-14,30.860001,25.5,1.047308370450802,0.9391492181288175,0.9814610436736741,0.03599467724117115,1.018705323587809,0.9432437533690127,0.9567298143420417,0.011642855935058075,645,-86067.28761141139,33,850.0579159623835,33,-86917.34552737378,611,-86821.39408317022,5,74.55342875890418,606,-86895.94751192915,34,754.1064717588156,28,775.5044872034794,6,-21.398015444663713,0,0,0,0,0,0,0,0,0,0,0
MSFT,0,1.389502,1000,21,2010-06-15,2010-07-27,26.58,26.16,1.0482878183460105,0.9747229526330546,1.0012548630245122,0.005522298399903111,1.0355850205225334,0.9826655870213952,1.003470108708778,0.005355905031622812,712,6970.360577781458,601,9708.860101925131,601,-2738.4995241436736,63,468.3114240391091,34,1126.4082729149313,29,-658.0968488758222,649,6502.049153742349,567,8582.451829010202,82,-2080.4026752678496,0,0,0,0,0,0,0,0,0,0,0
MSFT,0,1.444513,1000,22,2010-07-28,2010-09-08,25.950001,23.93,1.0310054663531933,0.9707331424880363,1.0031927987173812,0.018558784083859237,1.0310054663531933,0.9729812907414728,1.0089977570486226,0.015347924703125185,961,17764.155931038327,608,25535.53404286225,608,-7771.378111823907,273,-6734.307199718299,38,212.7898239264744,235,-6947.097023644775,688,24498.463130756645,570,25322.74421893578,118,-824.2810881791321,0,0,0,0,0,0,0,0,0,0,0
MSFT,0,1.581629,1000,23,2010-09-09,2010-10-20,24.01,25.309999,1.0274845860871167,0.9648531694269852,0.9959575744858945,0.010575536895385354,0.9956809575881816,0.9793344356079078,0.9876696888301656,0.0008212720377018907,609,-24537.29750948026,4,34.77937106573511,4,-24572.076880545996,0,0.0,0,0.0,0,0.0,609,-24537.29750948026,4,34.77937106573511,605,-24572.076880545996,0,0,0,0,0,0,0,0,0,0,0
MSFT,0,1.495078,1000,24,2010-10-21,2010-12-02,25.42,26.889999,1.035033008018133,0.9642618618644838,1.0038652744859924,0.01622016896595112,1.0331051347201456,0.9653518614185536,1.0166886329005351,0.006611665194994544,736,33192.45467469291,612,34927.04168238079,612,-1734.5870076878589,697,33766.80400756044,599,34754.91393368569,98,-988.1099261252397,39,-574.3493328675181,13,172.1277486951014,26,-746.4770815626194,0,0,0,0,0,0,0,0,0,0,0
MSFT,0,1.595466,1000,25,2010-12-03,2011-01-14,27.02,28.299999,1.0238657150466637,0.9800327334626627,1.0061070848703129,0.012068746771552005,1.0212959413625122,0.9997303002452936,1.0149056366197757,0.0027392250543481246,674,29656.285446611502,625,30082.646535073207,625,-426.36108846170237,656,29738.036108843822,622,30064.06235355367,34,-326.0262447098445,18,-81.75066223231931,3,18.584181519538568,15,-100.33484375185787,0,0,0,0,0,0,0,0,0,0,0
MSFT,0,1.672659,1000,26,2011-01-18,2011-03-01,28.66,26.16,1.0272957070227937,0.9699975182163998,0.9888499914995067,0.018577399337503204,1.0109376118390516,0.9699975182163998,0.9759597442689351,0.003322762170982187,677,-47834.89518884004,26,358.3292148835203,26,-48193.224403723565,652,-48020.37027438104,10,89.69501623363576,642,-48110.06529061468,25,185.47508554099528,16,268.6341986498845,9,-83.1591131088892,0,0,0,0,0,0,0,0,0,0,0
MSFT,0,1.508104,1000,27,2011-03-02,2011-04-12,26.08,25.639999,1.0103243647479783,0.977169524712157,1.0005716159378217,0.004626810167815833,1.0103243647479783,0.9884551552732168,1.0040804562627519,0.002758713830172038,702,8156.443575650271,592,9371.202245146647,592,-1214.7586694963775,36,-233.96957142256892,13,72.471493463791,23,-306.4410648863599,666,8390.41314707284,579,9298.730751682855,87,-908.3176046100173,0,0,0,0,0,0,0,0,0,0,0
MSFT,0,1.650843,1000,28,2011-04-13,2011-05-25,25.629999,24.190001,1.0186967457301601,0.976372827849203,1.00425359679102,0.012526257754198338,1.018040904798939,0.9888359539184205,1.0143004605093542,0.003345951443099456,667,28449.83825185618,606,29491.752832051563,606,-1041.914580195382,14,-249.49376997309358,2,2.4838695540815237,12,-251.97763952717509,653,28699.332021829276,604,29489.26896249748,49,-789.936940668207,0,0,0,0,0,0,0,0,0,0,0
MSFT,0,1.823766,1000,29,2011-05-26,2011-07-08,24.67,26.92,1.0357088948667086,0.9639312547043761,0.9911560780026574,0.02172181855080645,1.008380936580307,0.9706580364875347,0.974954883244585,0.003473210967146748,632,-49835.4226874411,25,447.4253764292311,25,-50282.84806387034,20,191.09133723268235,14,263.51823927863165,6,-72.42690204594928,612,-50026.51402467379,11,183.90713715059945,601,-50210.42116182439,0,0,0,0,0,0,0,0,0,0,0
MSFT,0,1.624728,1000,30,2011-07-11,2011-08-19,26.629999,24.049999,1.0395072505532381,0.9506920078501082,0.9932927134545858,0.025387301412856417,1.0274236620016108,0.9704198626586754,0.9723461640127,0.0055193734730585526,643,-55020.08481857831,12,512.7006523083605,12,-55532.78547088668,630,-55347.325986663076,3,106.02309944796262,627,-55453.34908611104,13,327.2411680847634,9,406.6775528603979,4,-79.43638477563442,0,0,0,0,0,0,0,0,0,0,0
MSFT,0,1.772321,1000,31,2011-08-22,2011-10-03,23.98,24.530001,1.0225526098267932,0.9606930308985276,0.9996229446326186,0.004332586418122324,1.013603210779997,0.9722912980977435,0.9998435841813693,0.0024162761686914638,630,-312.44121687123993,408,4926.586166214804,408,-5239.027383086052,14,-165.2395109352291,3,32.19610887104882,11,-197.43561980627797,616,-147.20170593600875,405,4894.390057343755,211,-5041.591763279773,0,0,0,0,0,0,0,0,0,0,0
MSFT,0,1.618543,1000,32,2011-10-04,2011-11-14,25.34,26.76,1.0220740840891371,0.9702216971424475,1.0019145661991873,0.009520802736215942,1.0215072332257864,0.9829463476895115,1.0084209267655486,0.005498068083088811,785,16736.266568117022,617,19468.416378437578,617,-2732.149810320579,665,17560.510541036554,576,18849.504419906552,89,-1288.9938788700083,120,-824.2439729195382,41,618.9119585310322,79,-1443.1559314505703,0,0,0,0,0,0,0,0,0,0,0
MSFT,0,1.783784,1000,33,2011-11-15,2011-12-28,26.74,25.82,1.0191073278222975,0.9835918761295975,0.9988832680848541,0.003770491860600662,1.0164081238704024,0.9862500904501119,0.9973532324469749,0.003510309270576488,654,-5260.503309718524,249,3486.673766520274,249,-8747.17707623885,633,-5478.647626789369,235,3185.973454254727,398,-8664.621081044143,21,218.1443170708457,14,300.70031226555267,7,-82.55599519470695,0,0,0,0,0,0,0,0,0,0,0
MSFT,0,1.667986,1000,34,2011-12-29,2012-02-10,26.02,30.5,1.052603275703414,0.9513605190760107,0.994302232555909,0.043023129986821555,1.0486394809239894,0.9513605190760107,0.9622588578893666,0.024125771566665823,632,-74995.88941202858,96,4932.817537076058,96,-79928.70694910464,91,4745.889814561727,78,4830.033374057221,13,-84.14355949549403,541,-79741.77922659031,18,102.78416301883708,523,-79844.56338960915,0,0,0,0,0,0,0,0,0,0,0
MSFT,0,1.761923,1000,35,2012-02-13,2012-03-26,30.58,32.59,1.0374491500705938,0.9658390533020198,1.007998105016643,0.019322549804422696,1.028392075588702,0.9772389566865062,1.0221115980716595,0.004043891825737699,668,43995.58571018327,619,44622.35204990495,619,-626.7663397216809,635,44462.922068376785,610,44573.82085864595,25,-110.89879026916485,33,-467.33635819351827,9,48.53119125899771,24,-515.8675494525161,0,0,0,0,0,0,0,0,0,0,0
MSFT,0,1.809322,1000,36,2012-03-27,2012-05-08,32.52,30.5,1.033420829814268,0.9750446574076279,0.9943896117175968,0.014018498335365009,1.0274992477843108,0.981154606571145,0.9847815768360972,0.005086936472578946,704,-30271.794123511016,57,1010.4009901852831,57,-31282.195113696303,662,-30779.706441273836,30,416.98221419655806,632,-31196.688655470396,42,507.91231776281825,27,593.4187759887253,15,-85.50645822590708,0,0,0,0,0,0,0,0,0,0,0
MSFT,0,1.640507,1000,37,2012-05-09,2012-06-20,30.76,30.93,1.0304306795140425,0.9667628069713757,0.9992377960544846,0.005522477333721853,1.0149144000083923,0.9806762440908584,0.9992190999465721,0.003135759263145536,670,-1557.4738350443774,230,2750.471273741691,230,-4307.9451087860625,24,-4.125054642242752,9,191.19536132230292,15,-195.32041596454565,646,-1553.348780402135,221,2559.275912419388,425,-4112.6246928215205,0,0,0,0,0,0,0,0,0,0,0
MSFT,0,1.533759,1000,38,2012-06-21,2012-08-02,30.139999,29.190001,1.037087351544243,0.9532961780381789,0.9977126351780262,0.011617313239567216,1.035997596401275,0.9609511131183833,0.9897558436431275,0.008499064723154991,875,-20384.84222197628,112,2126.9911706529047,112,-22511.833392629163,652,-19538.097966133144,38,523.5598145509058,614,-20061.657780684047,223,-846.7442558431418,74,1603.4313561019987,149,-2450.17561194514,0,0,0,0,0,0,0,0,0,0,0
MSFT,0,1.515662,1000,39,2012-08-03,2012-09-14,29.75,31.209999,1.0215524918651928,0.9734011083181325,0.9979730253825995,0.01104438644100116,1.0105453522021384,0.9734011083181325,0.9902305282547088,0.006538401351800661,741,-19416.403298009434,124,2100.337746758221,124,-21516.741044767663,99,1660.398284119039,90,1756.2278431646491,9,-95.82955904561025,642,-21076.80158212848,34,344.1099035935725,608,-21420.911485722052,0,0,0,0,0,0,0,0,0,0,0
MSFT,0,1.596332,1000,40,2012-09-17,2012-10-26,31.209999,28.209999,1.0376425459579546,0.9548030154261065,0.9920328090904438,0.02441832630685839,0.9959428261010859,0.9602874432429699,0.9721335309593748,0.0025607347052698836,664,-55450.096259703896,26,239.47492964560698,26,-55689.5711893495,636,-55486.05013226399,9,77.1454038890227,627,-55563.19553615301,28,35.95387256009248,17,162.32952575658427,11,-126.37565319649181,0,0,0,0,0,0,0,0,0,0,0
MSFT,0,1.664325,1000,41,2012-10-31,2012-12-12,28.540001,27.24,1.0449502807047606,0.9558355828324784,1.005426507341433,0.018058115115049882,1.0199396080407408,1.002870973075051,1.0197091851868385,0.001639336134421098,616,39218.97429326453,601,39551.84636273296,601,-332.87206946842593,4,28.81946801168396,3,60.71170868823399,1,-31.892240676550028,612,39190.15482525285,598,39491.13465404473,14,-300.97982879187595,0,0,0,0,0,0,0,0,0,0,0
MSFT,0,1.610943,1000,42,2012-12-13,2013-01-28,27.110001,27.91,1.0178551019981052,0.9808075787880675,0.9968045004266334,0.008566199996918765,1.0119213634873985,0.9899571827512241,0.9912965109227533,0.0035540238253545745,767,-17306.549982008768,156,2433.6959364383206,156,-19740.2459184471,63,711.0974993776362,55,814.8952643096342,8,-103.797764931998,704,-18017.647481386408,101,1618.8006721286863,603,-19636.448153515103,0,0,0,0,0,0,0,0,0,0,0
MSFT,0,1.720449,1000,43,2013-01-29,2013-03-12,28.01,27.91,1.0257444321072398,0.9767911967143064,1.000879190952649,0.004187317695753333,1.0169014009967599,0.9767911967143064,1.0017537583433989,0.002650451608334182,674,3492.1747374467586,448,4521.963139726359,448,-1029.7884022795915,636,3556.763765438301,434,4361.636489456722,202,-804.8727240184129,38,-64.58902799154211,14,160.3266502696354,24,-224.9156782611775,0,0,0,0,0,0,0,0,0,0,0
MSFT,0,1.724102,1000,44,2013-03-13,2013-04-24,27.92,31.76,1.0417424743992847,0.9523629944719789,1.0087747090169394,0.034107280283835105,1.039884593579817,0.9601154064201828,1.0232726799586964,0.023024013019444917,1100,46146.513981598815,771,55109.56170442485,771,-8963.047722826075,758,53629.37498230806,688,54607.84558648747,70,-978.4706041794179,342,-7482.8610007092775,83,501.7161179373765,259,-7984.577118646657,0,0,0,0,0,0,0,0,0,0,0
MSFT,0,1.885499,1000,45,2013-04-25,2013-06-06,31.940001,34.959999,1.0305284827401113,0.9599405309061072,1.0101718403955688,0.022497022225473222,1.0305284827401113,1.0132727046054297,1.0265492494659485,0.0011170146893526955,605,52832.16616530593,602,52879.44000022841,602,-47.27383492247992,602,52874.30582710205,601,52877.7266649914,1,-3.42083788934781,3,-42.1396617961247,1,1.7133352370074169,2,-43.85299703313211,0,0,0,0,0,0,0,0,0,0,0
MSFT,0,1.713748,1000,46,2013-06-07,2013-07-19,35.669998,31.4,1.0572196461802226,0.94090244452387,0.9862987611947445,0.028133597927145437,1.0171026506378555,0.9439995706862441,0.967058012229563,0.005444122360781001,639,-65550.7851881959,17,481.08420394213147,17,-66031.86939213805,628,-65669.84567953878,14,247.36450310923033,614,-65917.210182648,11,119.06049134285263,3,233.71970083290117,8,-114.65920949004855,0,0,0,0,0,0,0,0,0,0,0
MSFT,0,1.55842,1000,47,2013-07-22,2013-08-30,32.009998,33.400002,1.0580409230999908,0.9564814418286551,0.9986574602729641,0.013896821396727665,1.0435185581713446,0.9685158682421509,0.9887082154751603,0.009426434427290492,734,-22445.434207985123,126,3462.000625049683,126,-25907.434833034844,80,1965.2389762457317,69,2147.2154918741194,11,-181.97651562838752,654,-24410.673184230876,57,1314.7851331755658,597,-25725.458317406454,0,0,0,0,0,0,0,0,0,0,0
MSFT,0,1.650115,1000,48,2013-09-03,2013-10-14,31.879999,34.450001,1.0485120193127266,0.9662785863651344,1.0088602571474201,0.02428199029205207,1.0352629434233778,0.992161343911268,1.0263998912964734,0.006518497599476949,857,52511.89503898444,755,53920.11854566671,755,-1408.2235066822714,708,52796.551290640185,694,53002.67654993917,14,-206.12525929897882,149,-284.656251655748,61,917.4419957275443,88,-1202.0982473832923,0,0,0,0,0,0,0,0,0,0,0
MSFT,0,1.705302,1000,49,2013-10-15,2013-11-25,34.490002000000004,37.639999,1.0543074561561414,0.9506529978460494,1.0109524213419967,0.021426678016733848,1.0543074561561414,1.0090614867282652,1.0254219812959589,0.002970398668606532,683,50588.134421930765,657,50915.00533691349,657,-326.87091498273344,637,50359.33098592109,631,50448.687196106766,6,-89.35621018568061,46,228.8034360096674,26,466.3181408067201,20,-237.51470479705281,0,0,0,0,0,0,0,0,0,0,0
MSFT,0,1.731833,1000,50,2013-11-26,2014-01-09,37.349998,35.529999,1.0276909374136138,0.967420283518216,0.9929044482482188,0.014023261243040359,1.0276909374136138,0.9814055281338601,0.9849409115676822,0.006395479865334399,725,-29946.207645345534,111,2388.98320654779,111,-32335.190851893316,691,-30725.592136550044,78,1606.7039521853824,613,-32332.29608873542,34,779.3844912045129,33,782.2792543624075,1,-2.8947631578946553,0,0,0,0,0,0,0,0,0,0,0
MSFT,0,1.54304,1000,51,2014-01-10,2014-02-24,36.040001,37.689999,1.039892810368127,0.9570246387663998,0.9981754686995239,0.01663805478430266,1.0185565650576496,0.9642336070036439,0.9830138511785216,0.004912856557430724,625,-33614.63371299906,29,806.6469900812283,29,-34421.2807030803,18,530.4734199516254,17,535.7897677803428,1,-5.316347828717388,607,-34145.107132950696,12,270.85722230088555,595,-34415.964355251584,0,0,0,0,0,0,0,0,0,0,0
MSFT,0,1.618142,1000,52,2014-02-25,2014-04-07,37.540001,39.799999,1.037414479344791,0.9634031731892119,1.0057138739866573,0.015022774638949736,1.037414479344791,0.9722202663772583,1.0161205617673632,0.007099520865113547,836,32067.49675255862,728,34268.70100309524,728,-2201.204250536618,749,33324.44304099431,700,33923.72007115598,49,-599.2770301616677,87,-1256.9462884356876,28,344.98093193926337,59,-1601.9272203749513,0,0,0,0,0,0,0,0,0,0,0
MSFT,0,1.651359,1000,53,2014-04-08,2014-05-20,39.82,39.68,1.0223082538238584,0.9760637717911228,0.9996463041844745,0.003339491906579515,1.021098664200135,0.9930477419906448,0.9990790178032184,0.002493348228042788,670,-1827.0579712556757,284,2806.7397773688413,284,-4633.797748624533,656,-1969.7636010831975,273,2623.2571305275997,383,-4593.020731610813,14,142.7056298275217,11,183.48264684124143,3,-40.777017013719735,0,0,0,0,0,0,0,0,0,0,0
MSFT,0,1.643552,1000,54,2014-05-21,2014-07-02,40.349998,41.900002,1.0279016622349595,0.9778527783018682,0.9982859901123597,0.011705886359645395,1.0279016622349595,0.9778527783018682,0.9909928352648352,0.008983718475845543,845,-17886.660633003485,237,3290.6542145155645,237,-21177.31484751904,256,2824.0387591550684,200,3033.8757476715077,56,-209.83698851643936,589,-20710.699392158545,37,256.7784668440563,552,-20967.477859002604,0,0,0,0,0,0,0,0,0,0,0
MSFT,0,1.644729,1000,55,2014-07-03,2014-08-14,41.799999,44.27,1.0340342874419552,0.962026008815183,1.00645822114658,0.015219295185047776,1.032282804292716,0.9882134769258757,1.0162543953507293,0.005020688810505409,677,32335.803255625684,618,33011.007309137785,618,-675.2040535120955,659,32401.376633730615,612,32879.74027835171,47,-478.36364462109674,18,-65.57337810492609,6,131.26703078607255,12,-196.84040889099865,0,0,0,0,0,0,0,0,0,0,0
MSFT,0,1.669496,1000,56,2014-08-15,2014-09-26,44.790001,46.41,1.0132004307764553,0.9804684107659767,1.0033942826334377,0.0074713933757298125,1.0090356754800018,0.9864257475473543,1.007226567913887,0.004597161715246696,842,14364.323406132433,634,16325.296421845465,634,-1960.973015713049,714,15318.51188578966,594,16067.78004576482,120,-749.2681599751692,128,-954.1884796572322,40,257.5163760806466,88,-1211.7048557378787,0,0,0,0,0,0,0,0,0,0,0
MSFT,0,1.807285,1000,57,2014-09-29,2014-11-07,46.439999,48.68,1.0541190715511308,0.9721404369137278,1.0060171642284226,0.013845615196125342,1.0541190715511308,0.9830653624634693,1.0154100790853162,0.005005345126955264,636,30661.314346692245,599,31523.86884911914,599,-862.5545024268978,618,30854.242272184038,593,31286.0446283545,25,-431.8023561704596,18,-192.92792549179492,6,237.82422076464326,12,-430.75214625643815,0,0,0,0,0,0,0,0,0,0,0
MSFT,0,1.641854,1000,58,2014-11-10,2014-12-22,48.889999,47.98,1.01579987724512,0.9746543734991497,0.9977399744041264,0.004985778157970626,1.0,0.9746543734991497,0.9943791619105546,0.0023558230099565616,704,-11188.451280135694,42,576.700304417408,42,-11765.151584553092,669,-10926.433731032488,30,414.06758238360385,639,-11340.501313416084,35,-262.0175491032121,12,162.63272203380407,23,-424.6502711370161,0,0,0,0,0,0,0,0,0,0,0
MSFT,0,1.55099,1000,59,2014-12-23,2015-02-05,48.450001,42.450001,1.058180776317825,0.9340187491173565,1.0047786444097597,0.032920923531468645,1.058180776317825,0.9674912171388008,1.0344782780043422,0.006775001083389895,732,68601.11159647412,669,69973.91752476498,669,-1372.805928290835,98,118.9039010673472,60,1216.6720539350836,38,-1097.7681528677365,634,68482.20769540677,609,68757.24547082988,25,-275.03777542309854,0,0,0,0,0,0,0,0,0,0,0
MSFT,0,1.622112,1000,60,2015-02-06,2015-03-20,42.41,42.880001,1.0303210559792364,0.9882862890191753,0.9999310714112181,0.0042531664065958855,1.0303210559792364,0.9906160336464563,0.9980213659014285,0.003776815426276522,754,-3927.3373094405656,148,2036.9910148719498,148,-5964.3283243125425,93,428.4831029931646,57,626.4781118106981,36,-197.99500881753346,661,-4355.820412433735,91,1410.5129030612513,570,-5766.333315495006,0,0,0,0,0,0,0,0,0,0,0
MSFT,0,1.554396,1000,61,2015-03-23,2015-05-04,42.860001,48.240002,1.0494012362535132,0.9498711212354578,1.0051536701457104,0.03707227812133434,1.0436109278669,0.9541403551056641,1.0171683558576377,0.03327115468060525,918,33923.18002056096,661,59118.060766540664,661,-25194.880745979528,594,53881.10927426111,525,55180.15705364519,69,-1299.0477793840885,324,-19957.9292537,136,3937.903712895438,188,-23895.83296659544,0,0,0,0,0,0,0,0,0,0,0
MSFT,0,1.728127,1000,62,2015-05-05,2015-06-16,47.599998,45.830002,1.0194472381450859,0.980552761854914,0.9969955714803391,0.006026439830702947,1.0153603962596012,0.9837780939632721,0.993734328855182,0.002275246047628249,637,-12465.804611619013,30,512.8157650772239,30,-12978.620376696232,631,-12515.496577367752,27,405.7253755934549,604,-12921.221952961203,6,49.69196574873917,3,107.09038948376909,3,-57.398423735029915,0,0,0,0,0,0,0,0,0,0,0
MSFT,0,1.619111,1000,63,2015-06-17,2015-07-29,45.970001,46.290001,1.0235935823168485,0.976235336754255,0.9996967253046731,0.0027360652177524465,1.014973170640773,0.9869126976046381,0.9998283192508411,0.0023082977678481114,685,-341.4826635148168,249,2994.055055700605,249,-3335.5377192154065,48,55.85528128014323,25,358.9342884062411,23,-303.0790071260979,637,-397.3379447949603,224,2635.1207672943588,413,-3032.458712089314,0,0,0,0,0,0,0,0,0,0,0
MSFT,0,1.590132,1000,64,2015-07-30,2015-09-10,46.880001,43.290001,1.0475811362839864,0.9576187573247378,0.9946362545823362,0.020590516153654884,1.042381242675262,0.9576187573247378,0.9840624097253508,0.01482426255560034,901,-31650.385176516407,242,6989.31557574117,242,-38639.70075225758,638,-35087.503375390785,75,1891.328712238018,563,-36978.83208762881,263,3437.118198874384,167,5097.9868635031535,96,-1660.8686646287683,0,0,0,0,0,0,0,0,0,0,0
MSFT,0,1.576578,1000,65,2015-09-11,2015-10-22,43.48,48.029999,1.0356954791929336,0.967020198635678,0.9946183131841044,0.028123092086858138,1.0312671693393374,0.967020198635678,0.9701040022972066,0.005828495752566287,708,-59479.323712184574,69,1195.6787758184644,69,-60675.002488003025,40,635.2937828865729,30,672.0202386397704,10,-36.72645575319743,668,-60114.617495071136,39,523.6585371786938,629,-60638.27603224983,0,0,0,0,0,0,0,0,0,0,0
MSFT,0,1.684228,1000,66,2015-10-23,2015-12-04,52.869999,55.91,1.030616456829392,0.969383543170608,1.0038428807509279,0.011612467208078018,1.015099284887921,0.9826657292991957,1.0125322483904822,0.0030271053992243107,624,24935.0496540666,597,25436.377466036185,597,-501.3278119695762,606,25304.512847941558,595,25413.10675604745,11,-108.59390810589097,18,-369.46319387494964,2,23.270709988735543,16,-392.7339038636852,0,0,0,0,0,0,0,0,0,0,0
MSFT,0,1.834267,1000,67,2015-12-07,2016-01-20,55.810001,50.790001,1.0332738937000834,0.9640173316179563,0.9886849651869587,0.021291239850550377,1.0156123340536818,0.967699890703756,0.9747768445255303,0.003623953750574941,650,-50190.53160559948,37,598.9390644701717,37,-50789.470670069655,625,-50388.2180224483,19,310.30130828812077,606,-50698.519330736424,25,197.68641684882374,18,288.6377561820509,7,-90.9513393332272,0,0,0,0,0,0,0,0,0,0,0
MSFT,0,1.778286,1000,68,2016-01-21,2016-03-03,50.48,52.349998,1.0592564331486438,0.9483122400980625,0.9999038610703191,0.007856680200647254,1.009628683512234,0.9920571203434964,0.9952098254268766,0.0013110110628480416,617,-9531.344582219497,14,391.91678474988026,14,-9923.261366969376,6,33.06095985626024,3,52.813992992004756,3,-19.75303313574452,611,-9564.405542075758,11,339.1027917578755,600,-9903.508333833632,0,0,0,0,0,0,0,0,0,0,0
MSFT,0,1.64519,1000,69,2016-03-04,2016-04-15,52.029999,55.650002,1.025409267301915,0.9640812557224857,1.0064496422318245,0.02060340594609425,1.0241686347517436,0.9762445322081789,1.0170251681499582,0.013723669999385336,788,33812.78162199578,619,39023.34358573369,619,-5210.561963737926,619,38607.14191873329,598,38786.711142042775,21,-179.5692233094834,169,-4794.3602967375255,21,236.63244369091743,148,-5030.992740428443,0,0,0,0,0,0,0,0,0,0,0
MSFT,0,1.830955,1000,70,2016-04-18,2016-05-27,56.459999,52.32,1.038222517474598,0.9617774825254019,0.9914616325102407,0.017660712673847882,0.9912689226444179,0.9795674337067327,0.9796876071559185,0.0010631514283028004,607,-40420.46002523213,9,190.66318229009983,9,-40611.12320752223,604,-40447.167792993154,7,163.95541452907696,597,-40611.12320752223,3,26.70776776102286,2,26.70776776102286,1,0.0,0,0,0,0,0,0,0,0,0,0,0
MSFT,0,1.704389,1000,71,2016-05-31,2016-07-12,53.0,53.209999,1.0380156895175587,0.9751366439203082,1.0003071214408543,0.005390468453916424,1.0294612945857273,0.9751366439203082,0.9975912176381739,0.0035513801851201573,735,-4792.880685956077,96,2166.6846689407644,96,-6959.565354896857,77,-91.5267263018734,35,850.8798485068818,42,-942.4065748087552,658,-4701.353959654202,61,1315.8048204338825,597,-6017.158780088093,0,0,0,0,0,0,0,0,0,0,0
MSFT,0,1.56751,1000,72,2016-07-13,2016-08-23,53.509998,57.889999,1.0251875214934105,0.9730542334933038,1.004103828031349,0.021126256073813354,1.0251875214934105,0.97406077274397,1.0122587759383803,0.017083421592706562,841,24280.4483530253,579,32083.350068551634,579,-7802.901715526386,623,31494.827281974587,540,31890.824120732086,83,-395.99683875749946,218,-7214.378928949332,39,192.52594781955057,179,-7406.904876768884,0,0,0,0,0,0,0,0,0,0,0
MSFT,0,1.834682,1000,73,2016-08-24,2016-10-05,57.950001,57.639999,1.0122895430526493,0.9888006459394572,0.9992214005592233,0.0026229160542200853,1.0023893824740149,0.9944126374391795,0.9978658305262345,0.00046994004398064987,620,-4247.157603264054,17,200.71990007940622,17,-4447.87750334346,616,-4270.926802785631,14,171.2577632567635,602,-4442.184566042394,4,23.76919952157653,3,29.46213682264272,1,-5.692937301066189,0,0,0,0,0,0,0,0,0,0,0
MSFT,0,1.574201,1000,74,2016-10-06,2016-11-16,57.740002,59.650002,1.0399240083249155,0.9680591754725468,1.0001461306975594,0.010752582700239769,1.0399240083249155,0.9693500536526928,0.9943469993591905,0.010436138105566534,904,-11213.17548204526,300,5572.225381160263,300,-16785.400863205497,147,1936.3591116515397,105,2448.2518298448454,42,-511.8927181933056,757,-13149.53459369679,195,3123.973551315419,562,-16273.508145012194,0,0,0,0,0,0,0,0,0,0,0
MSFT,0,1.618661,1000,75,2016-11-17,2016-12-30,60.639999,62.139999,1.0191628737995038,0.9762271578206164,1.0019760731276157,0.0071276679352778385,1.0173607004693812,0.9870441070047571,1.006541993523948,0.003965134511683948,1054,13008.55872411243,759,16661.689081927743,759,-3653.1303578153097,754,12708.773454509115,592,13884.35613645857,162,-1175.5826819494473,300,299.7852696033139,167,2777.332945469175,133,-2477.5476758658597,0,0,0,0,0,0,0,0,0,0,0
MSFT,0,1.650122,1000,76,2017-01-03,2017-02-14,62.580002,64.57,1.0228050246601081,0.9790063718710819,1.0043466275359112,0.009095411601474165,1.0223896113860804,0.9895122216260978,1.0103085566936405,0.0038644601158365197,939,20512.44089585334,822,20978.05446977116,822,-465.61357391782997,786,19396.96248406263,725,19495.52305593491,61,-98.5605718722867,153,1115.478411790724,97,1482.531413836268,56,-367.0530020455436,0,0,0,0,0,0,0,0,0,0,0
MSFT,0,1.78355,1000,77,2017-02-15,2017-03-29,64.529999,65.470001,1.0156109553482189,0.9840700744966694,1.0018870276748912,0.0037853295450399355,1.0108744969694705,0.9957555130638466,1.0039157232220675,0.0012017561662620898,809,7789.001574766515,706,8150.803416442546,706,-361.801841676032,617,7805.148637468286,609,7847.018093939059,8,-41.8694564707731,192,-16.147062701773248,97,303.7853225034857,95,-319.93238520525887,0,0,0,0,0,0,0,0,0,0,0
MSFT,0,1.766467,1000,78,2017-03-30,2017-05-11,65.709999,68.459999,1.021191580254671,0.9840673352492044,1.0056996499559312,0.01008498250541508,1.021191580254671,0.9987937432406637,1.0118447360281198,0.0030847048808261474,765,23563.750321554835,674,24279.88603816627,674,-716.1357166114459,683,23905.60069542324,631,24085.883799996012,52,-180.28310457276916,82,-341.8503738684127,43,194.00223817026415,39,-535.8526120386769,0,0,0,0,0,0,0,0,0,0,0
MSFT,0,1.775211,1000,79,2017-05-12,2017-06-23,68.379997,71.209999,1.030089435769567,0.9636551641975261,1.0051776001208457,0.009529335074202172,1.0258683681202843,1.0009933488363092,1.0116145117383963,0.002818749984043026,740,23121.078844224925,690,23604.960181842154,690,-483.88133761722037,704,23076.92658571653,679,23394.139538297542,25,-317.21295258101156,36,44.15225850839634,11,210.82064354460522,25,-166.66838503620883,0,0,0,0,0,0,0,0,0,0,0
MSFT,0,1.798079,1000,80,2017-06-26,2017-08-07,70.529999,72.400002,1.0223356654915392,0.989014549973988,1.0058575711937883,0.008807607593576655,1.0202756837674183,0.989014549973988,1.0116266119756872,0.0031507479508530328,884,23143.36945112368,685,24590.888292188167,685,-1447.5188410644664,798,22852.2334674557,630,23899.874216061824,168,-1047.640748606111,86,291.13598366798027,55,691.0140761263355,31,-399.878092458355,0,0,0,0,0,0,0,0,0,0,0
MSFT,0,1.71379,1000,81,2017-08-08,2017-09-19,72.790001,75.440002,1.0185598969832261,0.9793522091631356,1.006576008038985,0.011026404087296448,1.0185598969832261,0.9815401491286917,1.013042012936585,0.004947866173827404,973,25950.202629596053,871,27165.93592782578,871,-1215.7332982297366,898,26356.455356320334,841,26963.3362376544,57,-606.8808813340762,75,-406.25272672428025,30,202.59969017138033,45,-608.8524168956606,0,0,0,0,0,0,0,0,0,0,0
MSFT,0,1.688406,1000,82,2017-09-20,2017-10-31,74.940002,83.18,1.039595144229312,0.9622728366765132,1.0122732769104605,0.028533905180889718,1.0377271633234868,0.9778732887551327,1.024842280276459,0.015511980488389324,1033,49335.87229685784,810,55632.841114662806,810,-6296.968817804963,845,54781.40291386513,778,55313.68056257791,67,-532.2776487127609,188,-5445.530617007301,32,319.16055208490656,156,-5764.691169092208,0,0,0,0,0,0,0,0,0,0,0
MSFT,0,1.753606,1000,83,2017-11-01,2017-12-13,83.18,85.349998,1.0249574356592,0.97110575254502,1.0025370355111183,0.0057238115818834204,1.0090180858822129,0.9888163377823632,1.0053855778785867,0.0016662537449939666,629,10715.220073193006,601,11159.054026144579,601,-443.8339529515697,614,10842.394284909205,596,11146.439873066549,18,-304.04558815734146,15,-127.17421171619881,5,12.614153078029428,10,-139.78836479422824,0,0,0,0,0,0,0,0,0,0,0
MSFT,0,1.731422,1000,84,2017-12-14,2018-01-29,84.690002,93.919998,1.0277679124301657,0.9703403711468591,1.0086898586850517,0.023448903554801726,1.0277679124301657,0.972232087569834,1.0186065180672756,0.015217738281958592,1061,36935.35701025176,711,42674.67256851301,711,-5739.315558261294,832,41417.181057824615,668,42479.96584738183,164,-1062.7847895572156,229,-4481.824047572896,43,194.7067211311812,186,-4676.530768704078,0,0,0,0,0,0,0,0,0,0,0
MSFT,0,1.906183,1000,85,2018-01-30,2018-03-13,92.739998,94.410004,1.035950032257454,0.9409013400081516,1.0009651313207044,0.005811224393778559,1.001328365814963,0.9793907399085318,1.0011389315422279,0.0019132705770566235,610,2264.5794263056832,401,4132.250554643227,401,-1867.6711283375537,605,2379.339506611192,400,4126.556872516734,205,-1747.2173659055502,5,-114.7600803055104,1,5.693682126493331,4,-120.45376243200373,0,0,0,0,0,0,0,0,0,0,0
MSFT,0,1.636301,1000,86,2018-03-14,2018-04-25,93.849998,92.309998,1.060637474417801,0.9626680648007224,0.9977088474058753,0.007653459446900651,1.0262122316951845,0.9676410930221938,0.9964762660591614,0.007998209125660082,915,-6986.995912187774,244,5427.965068252204,244,-12414.960980439952,637,-8308.098439086107,78,1993.7316287821975,559,-10301.830067868294,278,1321.10252689834,166,3434.233439470009,112,-2113.1309125716684,0,0,0,0,0,0,0,0,0,0,0
MSFT,0,1.631837,1000,87,2018-04-26,2018-06-07,94.260002,100.879997,1.0271843503737554,0.9731454503558001,0.9975184923186844,0.017933445238444895,1.0165088118774015,0.9747163363265463,0.9828865522417337,0.007610496205628057,732,-34025.15723417804,126,1786.268606234959,126,-35811.425840412994,93,1093.7748945378335,74,1195.8252855159449,19,-102.05039097811114,639,-35118.93212871587,52,590.4433207190144,587,-35709.37544943488,0,0,0,0,0,0,0,0,0,0,0
MSFT,0,1.677955,1000,88,2018-06-08,2018-07-20,101.629997,106.269997,1.0235054944221702,0.9793621340203302,1.0051634376110672,0.01248962261244845,1.0176188580053405,0.9925859637500544,1.0143916772749333,0.0018847929794572969,635,28652.646321733857,605,29335.631701417362,605,-682.9853796835038,624,28726.77601614917,602,29309.61104678311,22,-582.8350306339372,11,-74.12969441531312,3,26.02065463425334,8,-100.15034904956647,0,0,0,0,0,0,0,0,0,0,0
MSFT,0,1.759037,1000,89,2018-07-23,2018-08-31,107.970001,112.330002,1.0259084722396459,0.9813110795798083,1.0042648483471592,0.00867715865504181,1.0184964325024795,1.0010376286784106,1.0098329855908723,0.0013697578654950388,766,19568.678065278957,683,20398.955133804677,683,-830.2770685257117,719,19477.510244669284,665,20154.801154253804,54,-677.29090958451,47,91.16782060966983,18,244.15397955087153,29,-152.98615894120172,0,0,0,0,0,0,0,0,0,0,0
MSFT,0,1.651687,1000,90,2018-09-04,2018-10-15,111.709999,107.599998,1.0238650093696144,0.9702609913147231,0.9976775992728634,0.005317898662990212,1.0238650093696144,0.9702609913147231,0.995180263059393,0.004177596745531181,947,-9583.99493511213,257,5791.379843922052,257,-15375.374779034186,808,-9763.604790349285,190,4926.868147301647,618,-14690.472937650933,139,179.60985523715453,67,864.5116966204065,72,-684.9018413832514,0,0,0,0,0,0,0,0,0,0,0
MSFT,0,1.678606,1000,91,2018-10-16,2018-11-27,111.0,107.139999,1.0770784126398982,0.9526689058107968,1.0012034735218585,0.011028970347801802,1.0770784126398982,0.9563083020207629,1.0071669001616619,0.009352139255206752,710,14254.24455828631,618,17040.758782702433,618,-2786.5142244161248,59,-621.6486866858255,27,845.4540644366799,32,-1467.1027511225052,651,14875.893244972132,591,16195.30471826575,60,-1319.4114732936189,0,0,0,0,0,0,0,0,0,0,0
MSFT,0,1.671676,1000,92,2018-11-28,2019-01-11,111.120003,102.800003,1.0499613158646532,0.9467432139567936,1.005408701475458,0.019504518851905506,1.0460157828147316,0.9826404352162401,1.019291347793055,0.008972083462419426,903,38367.80046599086,680,41880.470044279304,680,-3512.6695782884462,162,-588.5520398450207,54,1496.125770817301,108,-2084.677810662322,741,38956.35250583588,626,40384.344273462004,115,-1427.9917676261227,0,0,0,0,0,0,0,0,0,0,0
MSFT,0,1.767201,1000,93,2019-01-14,2019-02-26,102.050003,112.360001,1.0237258725295806,0.9762741274704194,0.991557537331541,0.02019404434970484,1.0237258725295806,0.9762741274704194,0.9766540184067724,0.0036364304990962543,610,-46454.70446115764,12,368.6271520609555,12,-46823.331613218594,6,291.12101851671434,6,291.12101851671434,0,0.0,604,-46745.82547967436,6,77.50613354424114,598,-46823.331613218594,0,0,0,0,0,0,0,0,0,0,0
MSFT,0,1.72189,1000,94,2019-02-27,2019-04-09,112.169998,119.279999,1.0304817158506998,0.9785103488860383,1.0039801728718176,0.016861769814545933,1.0257792701498873,0.9937268423013201,1.018703211581562,0.0018742778753252172,606,37218.33840711204,600,37283.52839781531,600,-65.18999070327375,600,37283.52839781531,600,37283.52839781531,0,0.0,6,-65.18999070327375,0,0.0,6,-65.18999070327375,0,0,0,0,0,0,0,0,0,0,0
MSFT,0,1.713141,1000,95,2019-04-10,2019-05-22,120.190002,127.669998,1.0361773839746444,0.9768731778112749,1.0065940802170892,0.015306176165227335,1.0361773839746444,1.0,1.0176071302843817,0.002755562614845511,663,35035.46676431413,633,35367.20375909758,633,-331.7369947834413,648,34936.00808560416,626,35194.37478404376,22,-258.36669843958913,15,99.45867870997137,7,172.82897505382354,8,-73.37029634385217,0,0,0,0,0,0,0,0,0,0,0
MSFT,0,1.843417,1000,96,2019-05-23,2019-07-05,126.18,137.059998,1.041309955556102,0.9672013176425278,1.0115471299328047,0.021017220287063976,1.041309955556102,0.9695498228140678,1.0248930382734323,0.005253111326036377,702,49527.7426016793,630,50732.419269515725,630,-1204.6766678364015,665,49831.27838309958,625,50518.761263347435,40,-687.4828802478477,37,-303.53578142027015,5,213.65800616828352,32,-517.1937875885537,0,0,0,0,0,0,0,0,0,0,0
MSFT,0,1.76981,1000,97,2019-07-08,2019-08-16,136.96000700000002,136.130005,1.0325275828980893,0.9699983427493526,0.9992341806911047,0.0048012833188899075,1.0072427464533962,0.9880313510888933,0.9977071338566189,0.0016861690922301696,695,-4564.776466171197,59,592.1509559241133,59,-5156.927422095324,676,-4596.36040841809,48,494.8313952145453,628,-5091.191803632647,19,31.583942246892313,11,97.31956070956821,8,-65.73561846267586,0,0,0,0,0,0,0,0,0,0,0
MSFT,0,1.685405,1000,98,2019-08-19,2019-09-30,138.410004,139.029999,1.0404829845095274,0.9732057075610404,1.000866752006502,0.0056847358677947395,1.0316912727703782,0.9736965371340685,1.0018402439968133,0.00793251787715622,1011,3699.591941968788,460,7509.460008760816,460,-3809.8680667920257,295,3335.7049856558106,252,3562.372947014578,43,-226.66796135876734,716,363.8869563129783,208,3947.0870617462388,508,-3583.200105433258,0,0,0,0,0,0,0,0,0,0,0
MSFT,0,1.604502,1000,99,2019-10-01,2019-11-11,137.070007,146.110001,1.0305733732064004,0.9731712174872748,1.0055605231603784,0.019069093328737408,1.0271783645531118,0.9776807822431532,1.0146528895179212,0.010490721309575988,1262,29082.586858265407,975,35024.23262426187,975,-5941.64576599643,819,31017.38323057181,783,31551.538492325104,36,-534.1552617532935,443,-1934.7963723063795,192,3472.6941319367565,251,-5407.490504243135,0,0,0,0,0,0,0,0,0,0,0
